AddressID,Street,City,State,ZipCode
1,76718 Linda Street,Rebeccatown,ME,16775
2,1564 Burke Way,New Franklin,PA,81085
3,3849 Franklin Center Suite 947,Port Charlene,MI,40374
4,042 Ramirez Circles,Lake Christopherville,DC,03841
5,153 Cathy Alley,Aaronfurt,RI,74889
6,09108 Marquez Park,Christinebury,VT,45641
7,24925 Caldwell Keys,West Kenneth,MO,74434
8,704 Mendoza Plaza,East Stacyhaven,WV,95847
9,47061 Torres Shoals,South Sherry,MS,51421
10,12924 Cheyenne Neck,West Maria,AZ,10860
11,7703 Michael Loaf,Jeremyview,MH,44914
12,3328 Watson Spring,Malloryfort,SD,94975
13,33151 Christine Tunnel,East Jamesfurt,NJ,00599
14,7857 Kevin Meadows Suite 640,North David,PW,53747
15,65565 Elizabeth Dam Apt. 359,New Leslieshire,WV,23658
16,389 Gardner Flat,Johnsonberg,MT,68864
17,22381 Alexander Plains,Zavalaville,IA,68823
18,691 Mary Glen,North Tiffanyland,WI,84140
19,3592 Crystal Lock Apt. 022,West Briannamouth,MA,75387
20,18648 Mcintosh Corners Suite 439,New Ellen,PA,27832
