DeliveryPersonID,FirstName,LastName,Email,ContactNumber
1,Krystal,Larson,iward@example.com,6976758626
2,Timothy,Blake,hurstmichael@example.org,3656356656
3,Frances,Rivera,lucerojennifer@example.org,1938655371
4,Barry,Scott,vanessa40@example.net,4074236529
5,William,Tate,fletcherlindsay@example.com,2651762801
6,Felicia,Taylor,ymitchell@example.org,1006147857
7,Jacqueline,Greene,suzanne64@example.org,6971982907
8,Donna,Wilson,meredith32@example.com,9960765836
9,Melinda,Rivera,patriciagallegos@example.com,2928191806
10,Jessica,Russell,michael38@example.org,2583108038
11,Kristen,Conley,davidsonkeith@example.net,4395694572
12,Peter,Mitchell,kevinmiller@example.net,8239809783
13,Jeffery,Huff,alvarezrobert@example.com,2088506421
14,Jessica,Gibson,derrickmalone@example.org,2467134812
15,Christopher,Robinson,curtisbryan@example.net,1100169997
16,Lance,Patel,sullivanmiranda@example.com,4710904567
17,Kathleen,Cantrell,rebeccasmith@example.net,3932513449
18,Catherine,Campbell,jason88@example.com,3392263703
19,April,Harris,navila@example.net,6802983607
20,Ashley,Phillips,eric78@example.org,0784438085
