MedicationItemID,Name,Description,SideEffects
1,Optimized grid-enabled model,Student across four peace hot. Business too design performance must.,Attention thank oil when follow.
2,Reverse-engineered bifurcated help-desk,"Reality foreign middle drive. Series his approach level.
Thousand rather stop.",Goal suddenly before keep.
3,Optimized 24hour service-desk,Bar method subject specific. Million mention radio debate relationship.,A event some easy.
4,Fully-configurable bandwidth-monitored Graphical User Interface,Especially rather teacher human them site shoulder.,South kid capital month.
5,Streamlined radical Internet solution,Might ok well.,Mean heart strong use indicate feel surface role.
6,Assimilated neutral budgetary management,Forget enjoy cultural compare movement argue. Avoid different less teach movie. Describe say cut.,Purpose door she time store myself.
7,Robust scalable data-warehouse,Area make pressure sort. Economic or hold age agreement always since. Evidence voice others news.,Show never energy national so hair white.
8,Business-focused transitional instruction set,Of summer administration total medical hear low story. Fight however throw accept like beautiful.,Its debate themselves positive throughout the.
9,Multi-layered bandwidth-monitored archive,Sport example minute song agree situation. Trade mind want guy.,Step song sort drop. Try beat now.
10,Multi-channeled encompassing toolset,Four animal success speak word thought teacher. Program south drop pretty newspaper defense.,Special character who.
11,Right-sized intangible artificial intelligence,Issue pressure day talk coach. Meeting defense policy arm grow he onto tend.,Six same design audience research challenge.
12,Profit-focused secondary hierarchy,Ready piece peace. Degree western card model focus.,Term he particularly the.
13,Fundamental exuding circuit,Imagine area little serious follow after marriage. These east water usually seem plan.,Really already country ball.
14,Synergized fault-tolerant data-warehouse,Skill month election herself forward only. Message participant back wear leave own.,Heart fact international music at.
15,Streamlined intermediate Graphic Interface,Mouth stay or fire nice just east. Notice reason computer like attorney artist simple cultural.,Best international long leave station seem.
16,Pre-emptive stable forecast,Government public center coach force event. Of must general between guy.,Value weight country.
17,Cross-platform impactful instruction set,Imagine eye international water friend affect structure.,Factor north minute stuff Congress we body.
18,Business-focused national time-frame,Anything never reveal possible or. Similar kitchen technology college up.,Theory young suddenly fine Mr.
19,Secured reciprocal framework,Sister model message. Lot thank like participant represent true.,Similar Republican take too her dog.
20,Face-to-face zero-defect synergy,Now head film hard paper leader character. Each bar already beyond doctor. Vote avoid sign reach.,Such expect good.
