OrderItemID,OrderID,MedicationItemID,DeliveryID,OrderQuantity,Dosage
1,16,3,19,11,7,Sea industry soldier world candidate seem him.
2,20,14,8,7,18,Least special they education surface tough no.
3,10,12,10,5,2,Bill tax color develop far.
4,10,11,2,20,5,Center center him same think strategy.
5,3,6,12,8,16,Plant west bill at politics author relationship.
6,5,6,1,4,8,Candidate bit future soldier evening case.
7,4,13,7,10,12,Administration be commercial body table gun.
8,18,8,4,20,19,Eat within check small.
9,13,20,5,2,18,Citizen size recognize in step.
10,13,20,8,11,1,Face rich down assume.
11,20,1,10,12,4,Not drop treatment item listen section close.
12,4,8,11,3,13,Hospital hear dog by under which everyone.
13,5,8,8,5,7,Recent decision morning exist company method issue.
14,10,15,13,19,4,Town kitchen make sort.
15,10,6,9,5,4,Offer commercial gun various.
16,17,8,20,1,16,Wall sister fly court magazine continue onto.
17,5,6,10,17,10,Wrong argue TV.
18,2,3,16,10,18,Next reason seek source author.
19,18,12,16,19,1,Politics man wrong.
20,11,14,7,9,9,Fly admit subject able his.
