PatientID,AddressID,FirstName,LastName,Email,ContactNumber,PreviousPurchase,BirthDate
1,1,Jacqueline,Parsons,rfletcher@example.org,9415404947,0,1975-05-17
2,2,Randy,Anderson,yhoover@example.com,9868933679,0,2005-04-26
3,3,Jordan,Peters,julie34@example.net,9278834291,1,1974-04-11
4,4,Nicole,Knox,williamreyes@example.org,7671512647,1,1945-12-09
5,5,Mackenzie,Bailey,nwilliams@example.org,1002592528,0,1977-07-22
6,6,Paul,Howard,arielware@example.net,0854682272,1,1947-05-06
7,7,Mark,Romero,kdunn@example.net,6317885686,1,2002-09-06
8,8,Sara,Nelson,stevenclements@example.org,6991228743,0,1952-07-01
9,9,James,Gilbert,zunigacraig@example.org,2873756176,0,2000-04-24
10,10,Timothy,Cooper,samanthabridges@example.net,4593808492,0,1959-11-19
11,11,Faith,Boyd,ryanmorrison@example.org,0668861801,0,1993-07-12
12,12,Anthony,Boyd,mhancock@example.org,7057205033,0,1977-07-28
13,13,Melanie,Fernandez,robertdiaz@example.net,0578093719,0,1933-05-17
14,14,Jamie,Davis,sharon47@example.com,2005705237,1,1961-04-29
15,15,Bethany,Richardson,kanechristian@example.org,9528603343,0,1934-01-20
16,16,Jessica,Singh,gaguilar@example.net,1334137117,0,1980-08-12
17,17,Christina,Waters,todd02@example.org,6677169956,1,1940-10-01
18,18,Logan,Wheeler,welchcarolyn@example.com,8743169426,0,1980-11-12
19,19,Eric,Jones,timothyholmes@example.net,0467042484,0,1979-10-15
20,20,Scott,Hicks,williamsdennis@example.net,3127989432,1,1941-11-02
