PharmacyID,ShopName,ShopStreet,ShopCity,ShopState,ShopZipCode,PhoneNumber
1,"Allen, Robbins and Delgado",218 Travis Loaf,New Stevenhaven,NJ,11865,2932609359
2,Jefferson-Diaz,13020 Williams Mountains,Lunabury,FL,74637,1135208949
3,"Hill, Rivera and David",479 Murphy Fields Apt. 068,New John,SD,99586,6061516700
4,"Stephenson, Hahn and Gonzalez",050 Alan Alley,South Anthony,PR,68175,8394320030
5,Taylor-Ball,3521 Moreno Garden,Harrisonchester,WV,39591,9517579004
6,"Myers, Hughes and Harvey",083 Stacey Avenue,North Samanthaborough,ND,08237,6138125928
7,"Miller, Jacobs and Kennedy",70959 Eric Spur Apt. 290,Peterburgh,NM,03166,8327286286
8,"Andrews, Sampson and Phillips",7927 Perez Ramp Apt. 728,Lake Craig,OR,22130,7419590774
9,Barrett-Solis,0005 Adam Camp Apt. 662,Derrickside,CA,60956,4914027503
10,Huerta and Sons,4759 Alexis Plains Apt. 038,Shaneburgh,CO,59940,7992037156
11,"Zavala, Wright and Smith",708 Sarah Springs Apt. 134,Johnton,AR,35538,3545234609
12,Anderson Inc,0768 Medina Inlet Suite 422,East Daniel,AZ,46470,8787321089
13,"Stewart, Munoz and Hunter",28920 Hernandez Club,Millerville,FL,67212,3562838999
14,Baker LLC,22769 Kristen Pass Apt. 922,East Scottbury,MO,77801,8628334746
15,Baker-Martinez,8642 Smith Road,Rodrigueztown,WI,07256,3781049183
16,Peterson-Harris,138 Miller Fork,Port Matthew,AZ,00645,8469744010
17,Miller Group,58800 Jones Walk,Petershire,PR,68147,2066494824
18,Lucas-Yang,6648 Miller Lake Suite 809,Johnstonmouth,AK,95292,6282456409
19,Horton LLC,1252 Escobar Ways,Brianland,PW,44827,7347957286
20,Elliott-Kim,9571 Ruiz Estates Suite 064,Kimberlybury,NH,85006,3481379606
