PhysicianID,Name,Specialty,PhoneNumber,VisitingHospital
1,Shirley Moore,Dance movement psychotherapist,8458726208,Hill LLC
2,Marie Ross,Medical illustrator,6888095257,Anthony Group
3,Jason Allen,Event organiser,2779170386,"Lucas, Martin and Raymond"
4,Jason Bass,Hospital pharmacist,5795442774,"Berry, Johnson and Garcia"
5,Kevin Hamilton,Automotive engineer,0736364546,"Burns, Dickerson and Perez"
6,Debbie Moyer,Financial trader,0981042507,Simmons-Parker
7,Donald Johnson,"Surveyor, insurance",9305926392,"Beck, Hoffman and Martin"
8,Ashley Smith,Medical technical officer,5631128330,Brown Inc
9,William Harris,"Conservator, furniture",7995776597,Moss-Gray
10,Monica Smith DDS,Rural practice surveyor,9459019027,Gonzalez-Hill
11,Mary Mooney,"Scientist, physiological",2173119180,Becker-Anderson
12,David Wheeler,Geophysicist/field seismologist,6603126085,Hernandez PLC
13,Joseph Pope,"Education officer, community",6546105027,"Lopez, Thompson and Brock"
14,Kristina Powers,"Therapist, art",8790991253,"Foster, King and Walton"
15,William Rodriguez,"Teacher, secondary school",1660785692,"Collins, Schmitt and Crawford"
16,Barry Brooks,"Engineer, building services",4245512336,"Evans, Davis and Dudley"
17,Robert Campbell,Interior and spatial designer,7845401081,"Castro, Osborne and Howard"
18,Jessica Fry,Publishing rights manager,2957372946,"Smith, Johnson and Herrera"
19,Kimberly Murphy,"Geologist, wellsite",2816481483,"Jones, Bowers and Walsh"
20,Kelly Kent,"Surveyor, building control",4257347100,Davis Group
