PrescriptionID,PatientID,PhysicianID,DateIssued,Dosage,MedicationItemID
1,11,16,2023-11-17,Mr yet adult decide organization.,2
2,18,4,2001-06-23,Decide field specific ask structure.,10
3,4,6,2012-02-15,Through simply order court.,2
4,7,4,2001-11-05,Attention it six court job today.,20
5,6,6,1980-03-17,Support part reveal but.,14
6,10,15,1988-10-18,Rich measure make while attorney material seem.,14
7,13,18,2010-06-14,So without win professional let man per.,13
8,10,15,1986-02-06,Require reality many address night inside seek.,13
9,5,6,2023-08-07,People development turn school describe identify wall.,10
10,16,20,1980-01-29,Statement ok perhaps senior high social.,16
11,16,2,2009-06-25,Contain staff eat eye cost serious water.,2
12,3,7,2013-01-07,Group bad energy behind pick two second.,5
13,8,20,2010-06-02,International wrong in difficult our.,12
14,5,15,2009-03-28,Name near listen nice sea.,5
15,7,14,1978-08-07,Meeting one where easy own then cover.,4
16,16,15,1988-04-13,Help night behind full onto.,8
17,4,16,1991-07-13,Cup guess drop size audience evening whether senior.,17
18,18,17,1986-08-18,Reason condition them left relate.,1
19,2,6,1988-05-11,Group probably name only.,7
20,2,11,2006-06-10,Wish bit arm rich employee rock.,18
