SupplierID,SupplierFirstName,SupplierLastName,ContactNumber,SupplierEmail,SupplierStreet,SupplierCity,SupplierState,SupplierZipCode
1,Brenda,Casey,0167543287,espinozaeric@example.com,128 Davis Stream,Mooreburgh,WI,44826
2,Dawn,Sexton,9815078613,smcdonald@example.org,297 Aguilar Rapids Apt. 076,South Lisamouth,PA,73159
3,Kyle,Cox,5384632815,qcooper@example.org,63778 William Meadow,Smithland,VT,26279
4,John,Henry,8602530738,robert25@example.com,00990 Colin Brook,Anthonyville,MA,44962
5,Erin,Atkins,7902774439,jerrymack@example.org,5041 Davis Coves,South Debra,IL,84575
6,Norman,Morris,0035323955,cisneroskristina@example.org,1814 Pope Village,North Tiffany,ID,57045
7,Michael,Odom,6426935845,robertjuarez@example.org,43262 Kenneth Village,Joshuamouth,VA,17560
8,Ivan,Page,1640346559,rschmidt@example.com,52504 Katherine Mountain,Josephberg,MT,85358
9,Joseph,Cantrell,4374883562,hgreen@example.com,7695 Kathleen Plain Suite 505,South Rebecca,NV,96957
10,Stacey,Williams,7516926513,ujohnson@example.com,21947 Williams Hollow,Hardinbury,NC,80376
11,Brian,Anderson,8086127359,rodgerslee@example.org,1644 Martin Ways Suite 766,East Juan,KS,71695
12,Walter,Cooper,3232332086,pattersonmatthew@example.net,1139 Ariel Light,West Michaelstad,WA,28324
13,Mark,Strong,1065768791,patty44@example.net,6640 Kelly Cliff,New Catherine,MA,12600
14,David,Mason,5213983076,jsparks@example.net,7716 Jason Springs,Thompsonchester,LA,91746
15,Thomas,Owens,8884252877,williamsrandy@example.org,34390 Grant Tunnel Apt. 950,Port Paigechester,WI,29754
16,Zachary,Phillips,6909838997,kevinmorse@example.com,9868 Anne Lodge Apt. 530,North Kimberlybury,AR,99021
17,Susan,Ellis,5259430243,jamescole@example.net,4473 Gilbert Crossroad,Austinmouth,MA,10600
18,Edwin,Clay,6350673029,torresvictoria@example.net,09370 Pennington Flat,Tracyshire,WA,42391
19,Michael,Bray,0222146973,cathy40@example.com,8755 Deanna Underpass,Georgeberg,AR,51644
20,Peter,Smith,8274329016,proberts@example.net,5987 Elizabeth Green Suite 509,New Megan,GU,49133
